[
  {
    "dir": "components",
    "org": "Polymer",
    "repos": [
      "context-free-parser",
      "core-a11y-keys",
      "core-ajax",
      "core-animated-pages",
      "core-animation",
      "core-collapse",
      "core-component-page",
      "core-component-page-dev",
      "core-doc-viewer",
      "core-docs",
      "core-drag-drop",
      "core-drawer-panel",
      "core-dropdown",
      "core-dropdown-menu",
      "core-elements",
      "core-focusable",
      "core-header-panel",
      "core-home-page",
      "core-home-page-dev",
      "core-icon",
      "core-icon-button",
      "core-icons",
      "core-iconset",
      "core-iconset-svg",
      "core-image",
      "core-input",
      "core-item",
      "core-label",
      "core-layout-grid",
      "core-layout-trbl",
      "core-list",
      "core-localstorage",
      "core-media-query",
      "core-menu",
      "core-menu-button",
      "core-meta",
      "core-overlay",
      "core-pages",
      "core-popup-menu",
      "core-range",
			"core-resizable",
      "core-scaffold",
      "core-scroll-header-panel",
      "core-scroll-threshold",
      "core-selection",
      "core-selector",
      "core-shared-lib",
      "core-signals",
      "core-splitter",
      "core-style",
      "core-tests",
      "core-toolbar",
      "core-tooltip",
      "core-transition",
      "firebase-element",
      "highlightjs-element",
      "inspector-elements",
      "jquery2-import",
      "marked-element",
      "polymer-test-tools",
      "prettify-element",
      "sampler-scaffold",
      "web-component-tester"
    ]
  },
  {
    "dir": "projects",
    "org": "Polymer",
    "repos": [
      "designer",
      "pica"
    ]
  }
]
