[
  {
    "dir": "components",
    "org": "Polymer",
    "repos": [
      "CustomElements",
      "HTMLImports",
      "MutationObservers",
      "PointerEvents",
      "PointerGestures",
      "ShadowDOM",
      "WeakMap",
      "core-field",
      "core-layout",
      "platform",
      "platform-dev",
      "polymer-dev",
      "webcomponentsjs-dev"
    ]
  },
  {
    "dir": "components",
    "org": "PolymerLabs",
    "repos": [
      "polymer-ajax",
      "polymer-anchor-point",
      "polymer-animation",
      "polymer-collapse",
      "polymer-cookie",
      "polymer-doc-viewer",
      "polymer-elements",
      "polymer-file",
      "polymer-flex-layout",
      "polymer-google-jsapi",
      "polymer-grid-layout",
      "polymer-home-page",
      "polymer-home-page-dev",
      "polymer-jsonp",
      "polymer-key-helper",
      "polymer-layout",
      "polymer-list",
      "polymer-localstorage",
      "polymer-media-query",
      "polymer-meta",
      "polymer-mock-data",
      "polymer-overlay",
      "polymer-page",
      "polymer-scrub",
      "polymer-sectioned-list",
      "polymer-selection",
      "polymer-selector",
      "polymer-shared-lib",
      "polymer-signals",
      "polymer-stock",
      "polymer-ui-accordion",
      "polymer-ui-action-icons",
      "polymer-ui-animated-pages",
      "polymer-ui-arrow",
      "polymer-ui-base",
      "polymer-ui-breadcrumbs",
      "polymer-ui-card",
      "polymer-ui-clock",
      "polymer-ui-collapsible",
      "polymer-ui-dropdown",
      "polymer-ui-dropup",
      "polymer-ui-elements",
      "polymer-ui-field",
      "polymer-ui-icon",
      "polymer-ui-icon-button",
      "polymer-ui-iconset",
      "polymer-ui-line-chart",
      "polymer-ui-menu",
      "polymer-ui-menu-button",
      "polymer-ui-menu-item",
      "polymer-ui-nav-arrow",
      "polymer-ui-overlay",
      "polymer-ui-pages",
      "polymer-ui-ratings",
      "polymer-ui-scaffold",
      "polymer-ui-sidebar",
      "polymer-ui-sidebar-header",
      "polymer-ui-sidebar-menu",
      "polymer-ui-splitter",
      "polymer-ui-stock",
      "polymer-ui-submenu-item",
      "polymer-ui-tabs",
      "polymer-ui-theme-aware",
      "polymer-ui-toggle-button",
      "polymer-ui-toolbar",
      "polymer-ui-weather",
      "polymer-view-source-link",
      "x-binding",
      "x-designable",
      "x-designer",
      "x-dom-serializer",
      "x-editors",
      "x-file-document",
      "x-inspector",
      "x-live-edit",
      "x-output",
      "x-palette",
      "x-property-inspector",
      "x-tree"
    ]
  },
  {
    "dir": "projects",
    "org": "PolymerLabs",
    "repos": [
      "arrange-game",
      "book-search",
      "contacts",
      "gallery",
      "memory-game",
      "playground",
      "sandbox",
      "shuttle",
      "slideshow"
    ]
  }
]
