[
  {
    "dir": "components",
    "org": "PolymerLabs",
    "repos": [
      "ace-element",
      "chart-js",
      "code-mirror",
      "cool-clock",
      "extern-generator",
      "flatiron-director",
      "g-kratu",
      "github-elements",
      "humane-js",
      "js-beautify",
      "marked-js",
      "more-elements",
      "notification-elements",
      "paper-form",
      "pdf-js",
      "pixi-js",
      "smoothie-chart",
      "speech-mic",
      "speech-transcript",
      "swipeable-card",
      "three-js",
      "tk-buildbot",
      "typeahead-input",
      "wu-weather",
      "x-meta",
      "x-tags",
      "yt-video"
    ]
  },
  {
    "dir": "components",
    "org": "GoogleWebComponents",
    "repos": [
      "google-apis",
      "google-map"
    ]
  },
  {
    "dir": "projects",
    "org": "PolymerLabs",
    "repos": [
      "test-dashboard",
      "youtube"
    ]
  }
]
