[
  {
    "dir": "components",
    "org": "web-animations",
    "repos": [
      "web-animations-js"
    ]
  },
  {
    "dir": "components",
    "org": "web-animations",
    "repos": [
      "web-animations-next"
    ]
  },
  {
    "dir": "components",
    "org": "Polymer",
    "repos": [
      "topeka-elements"
    ]
  },
  {
    "dir": "projects",
    "org": "Polymer",
    "repos": [
      "todomvc",
      "topeka"
    ]
  },
  {
    "dir": "components",
    "org": "tcollard",
    "repos": [
      "google-code-prettify"
    ]
  },
  {
    "dir": "components",
    "org": "firebase",
    "repos": [
      "firebase-bower::firebase",
      "firebase-simple-login"
    ]
  },
  {
    "dir": "components",
    "org": "michael",
    "repos": [
      "github"
    ]
  }
]
