<?xml version="1.0" ?> 
<scpd xmlns="urn:Belkin:service-1-0">
<specVersion>
<major>1</major> 
<minor>0</minor> 
</specVersion>
<actionList>
<action>
<name>UpdateFirmware</name> 
<argumentList>
<argument>
<retval /> 
<name>NewFirmwareVersion</name> 
<relatedStateVariable>NewFirmwareVersion</relatedStateVariable> 
<direction>in</direction> 
</argument>
<argument>
<retval /> 
<name>ReleaseDate</name> 
<relatedStateVariable>ReleaseDate</relatedStateVariable> 
<direction>in</direction> 
</argument>
<argument>
<retval /> 
<name>URL</name> 
<relatedStateVariable>URL</relatedStateVariable> 
<direction>in</direction> 
</argument>
<argument>
<retval /> 
<name>Signature</name> 
<relatedStateVariable>Signature</relatedStateVariable> 
<direction>in</direction> 
</argument>
<argument>
<retval /> 
<name>DownloadStartTime</name>
<relatedStateVariable>DownloadStartTime</relatedStateVariable>
<direction>in</direction>
</argument>
<argument>
<retval /> 
<name>WithUnsignedImage</name>
<relatedStateVariable>WithUnsignedImage</relatedStateVariable>
<direction>in</direction>
</argument>
</argumentList>
</action>
<action>
<name>GetFirmwareVersion</name>
<retval />
<argumentList>
<argument>
<name>FirmwareVersion</name> 
<relatedStateVariable>FirmwareVersion</relatedStateVariable> 
<direction>out</direction> 
</argument>
</argumentList>
</action>
</actionList>
<serviceStateTable>
<stateVariable sendEvents="yes">
<name>FirmwareVersion</name>
<dataType>string</dataType>
<defaultValue>0</defaultValue>
</stateVariable>
<stateVariable sendEvents="yes">
<name>FirmwareUpdateStatus</name>
<dataType>string</dataType>
<defaultValue>0</defaultValue>
</stateVariable>
<stateVariable sendEvents="no">
<name>WithUnsignedImage</name>
<dataType>string</dataType>
<defaultValue>0</defaultValue>
</stateVariable>
</serviceStateTable>
</scpd>
