HTTP/1.1 200 OK
CONTENT-LENGTH: 5434
CONTENT-TYPE: text/xml
DATE: Sat, 01 Jan 2000 07:48:24 GMT
LAST-MODIFIED: Sat, 01 Jan 2000 07:39:33 GMT
SERVER: Unspecified, UPnP/1.0, Unspecified
X-User-Agent: redsonic
CONNECTION: close

<?xml version="1.0"?>
<root xmlns="urn:Belkin:device-1-0">
  <specVersion>
    <major>1</major>
    <minor>0</minor>
  </specVersion>
  <device>
<deviceType>urn:Belkin:device:controllee:1</deviceType>
<friendlyName>WeMo Switch</friendlyName>
    <manufacturer>Belkin International Inc.</manufacturer>
    <manufacturerURL>http://www.belkin.com</manufacturerURL>
    <modelDescription>Belkin Plugin Socket 1.0</modelDescription>
    <modelName>Socket</modelName>
    <modelNumber>1.0</modelNumber>
    <modelURL>http://www.belkin.com/plugin/</modelURL>
<serialNumber>221531K11004A3</serialNumber>
<UDN>uuid:Socket-1_0-221531K11004A3</UDN>
    <UPC>123456789</UPC>
<macAddress>94103E69AD18</macAddress>
<firmwareVersion>WeMo_WW_2.00.8095.PVT-OWRT-SNS</firmwareVersion>
<iconVersion>5|49152</iconVersion>
<binaryState>0</binaryState>
    <iconList> 
      <icon> 
        <mimetype>jpg</mimetype> 
        <width>100</width> 
        <height>100</height> 
        <depth>100</depth> 
         <url>icon.jpg</url> 
      </icon> 
    </iconList>
    <serviceList>
      <service>
        <serviceType>urn:Belkin:service:WiFiSetup:1</serviceType>
        <serviceId>urn:Belkin:serviceId:WiFiSetup1</serviceId>
        <controlURL>/upnp/control/WiFiSetup1</controlURL>
        <eventSubURL>/upnp/event/WiFiSetup1</eventSubURL>
        <SCPDURL>/setupservice.xml</SCPDURL>
      </service>
      <service>
        <serviceType>urn:Belkin:service:timesync:1</serviceType>
        <serviceId>urn:Belkin:serviceId:timesync1</serviceId>
        <controlURL>/upnp/control/timesync1</controlURL>
        <eventSubURL>/upnp/event/timesync1</eventSubURL>
        <SCPDURL>/timesyncservice.xml</SCPDURL>
      </service>
      <service>
        <serviceType>urn:Belkin:service:basicevent:1</serviceType>
        <serviceId>urn:Belkin:serviceId:basicevent1</serviceId>
        <controlURL>/upnp/control/basicevent1</controlURL>
        <eventSubURL>/upnp/event/basicevent1</eventSubURL>
        <SCPDURL>/eventservice.xml</SCPDURL>
      </service>
      <service>
        <serviceType>urn:Belkin:service:deviceevent:1</serviceType>
        <serviceId>urn:Belkin:serviceId:deviceevent1</serviceId>
        <controlURL>/upnp/control/deviceevent1</controlURL>
        <eventSubURL>/upnp/event/deviceevent1</eventSubURL>
        <SCPDURL>/deviceservice.xml</SCPDURL>
      </service>      
      <service>
        <serviceType>urn:Belkin:service:crockpotevent:1</serviceType>
        <serviceId>urn:Belkin:serviceId:crockpotevent1</serviceId>
        <controlURL>/upnp/control/crockpot1</controlURL>
        <eventSubURL>/upnp/event/crockpot1</eventSubURL>
        <SCPDURL>/jardenservice.xml</SCPDURL>
      </service>	
	<service>
        <serviceType>urn:Belkin:service:jardenevent:1</serviceType>
        <serviceId>urn:Belkin:serviceId:jardenevent1</serviceId>
        <controlURL>/upnp/control/jardenevent1</controlURL>
        <eventSubURL>/upnp/event/jardenevent1</eventSubURL>
        <SCPDURL>/jardenservice.xml</SCPDURL>
      </service>
      <service>
        <serviceType>urn:Belkin:service:firmwareupdate:1</serviceType>
        <serviceId>urn:Belkin:serviceId:firmwareupdate1</serviceId>
        <controlURL>/upnp/control/firmwareupdate1</controlURL>
        <eventSubURL>/upnp/event/firmwareupdate1</eventSubURL>
        <SCPDURL>/firmwareupdate.xml</SCPDURL>
      </service>
      <service>
        <serviceType>urn:Belkin:service:rules:1</serviceType>
        <serviceId>urn:Belkin:serviceId:rules1</serviceId>
        <controlURL>/upnp/control/rules1</controlURL>
        <eventSubURL>/upnp/event/rules1</eventSubURL>
        <SCPDURL>/rulesservice.xml</SCPDURL>
      </service>
	  
      <service>
        <serviceType>urn:Belkin:service:metainfo:1</serviceType>
        <serviceId>urn:Belkin:serviceId:metainfo1</serviceId>
        <controlURL>/upnp/control/metainfo1</controlURL>
        <eventSubURL>/upnp/event/metainfo1</eventSubURL>
        <SCPDURL>/metainfoservice.xml</SCPDURL>
      </service>

      <service>
        <serviceType>urn:Belkin:service:remoteaccess:1</serviceType>
        <serviceId>urn:Belkin:serviceId:remoteaccess1</serviceId>
        <controlURL>/upnp/control/remoteaccess1</controlURL>
        <eventSubURL>/upnp/event/remoteaccess1</eventSubURL>
        <SCPDURL>/remoteaccess.xml</SCPDURL>
      </service>
	   
      <service>
        <serviceType>urn:Belkin:service:deviceinfo:1</serviceType>
        <serviceId>urn:Belkin:serviceId:deviceinfo1</serviceId>
        <controlURL>/upnp/control/deviceinfo1</controlURL>
        <eventSubURL>/upnp/event/deviceinfo1</eventSubURL>
        <SCPDURL>/deviceinfoservice.xml</SCPDURL>
      </service>
	   
      <service>
        <serviceType>urn:Belkin:service:smartsetup:1</serviceType>
        <serviceId>urn:Belkin:serviceId:smartsetup1</serviceId>
        <controlURL>/upnp/control/smartsetup1</controlURL>
        <eventSubURL>/upnp/event/smartsetup1</eventSubURL>
        <SCPDURL>/smartsetup.xml</SCPDURL>
      </service>
	
      <service>
        <serviceType>urn:Belkin:service:manufacture:1</serviceType>
        <serviceId>urn:Belkin:serviceId:manufacture1</serviceId>
        <controlURL>/upnp/control/manufacture1</controlURL>
        <eventSubURL>/upnp/event/manufacture1</eventSubURL>
        <SCPDURL>/manufacture.xml</SCPDURL>
      </service>

    </serviceList>
   <presentationURL>/pluginpres.html</presentationURL>
</device>
</root>
